post_id,user_id,place_id,name,latitude,longitude,level,NOM,geo
5791,314,19597,Estació de França,41.3848,2.1854,bus_station,"Sant Pere, Santa Caterina i la Ribera
","41.3848,2.1854"
7729,1211,25820,Grand Hotel Central,41.385,2.17777,spa,"Sant Pere, Santa Caterina i la Ribera
","41.385,2.17777"
7756,1211,25820,Grand Hotel Central,41.385,2.17777,spa,"Sant Pere, Santa Caterina i la Ribera
","41.385,2.17777"
5781,314,19569,Correos,41.3816,2.18132,post_office,"el Barri Gòtic
","41.3816,2.18132"
736,59,2781,"Galeries Maldà, Carrer de la Portaferrissa, Barcelona, Spain",41.3832,2.17334,shopping_mall,"el Barri Gòtic
","41.3832,2.17334"
4361,54,15080,Arxiu Diocesà de Barcelona,41.3838,2.17565,church,"el Barri Gòtic
","41.3838,2.17565"
4362,54,15080,Arxiu Diocesà de Barcelona,41.3838,2.17565,church,"el Barri Gòtic
","41.3838,2.17565"
4363,54,15080,Arxiu Diocesà de Barcelona,41.3838,2.17565,church,"el Barri Gòtic
","41.3838,2.17565"
7890,1776,26412,Chocolat-Box,41.3846,2.17518,store,"el Barri Gòtic
","41.3846,2.17518"
7645,1428,25559,Marsalada Barcelona,41.3859,2.17941,painter,"Sant Pere, Santa Caterina i la Ribera
","41.3859,2.17941"
1010,54,1427,"Universitat de Barcelona, Gran Via de les Corts Catalanes, Barcelona, Spain",41.3867,2.16387,university,"l'Antiga Esquerra de l'Eixample
","41.3867,2.16387"
1046,54,1427,"Universitat de Barcelona, Gran Via de les Corts Catalanes, Barcelona, Spain",41.3867,2.16387,university,"l'Antiga Esquerra de l'Eixample
","41.3867,2.16387"
3529,245,12027,De Cruz Morales,41.3885,2.15452,food,"l'Antiga Esquerra de l'Eixample
","41.3885,2.15452"
1111,54,3789,"Pg. de Gràcia, 26, 08007 Barcelona, Spain",41.3903,2.16779,art_gallery,"la Dreta de l'Eixample
","41.3903,2.16779"
1102,54,3783,"Hotel Majestic, Passeig de Gràcia, Barcelona, Spain",41.3935,2.16398,spa,"la Dreta de l'Eixample
","41.3935,2.16398"
5493,85,18612,Gelateria La Romana,41.3964,2.15057,food,"Sarrià, les Tres Torres i Vallvidrera


","41.3964,2.15057"
5498,85,18612,Gelateria La Romana,41.3964,2.15057,food,"Sarrià, les Tres Torres i Vallvidrera


","41.3964,2.15057"
3537,85,480,Gràcia,41.4112,2.15747,political,"Vallcarca, el Coll i la Salut


","41.4112,2.15747"
5044,490,480,Gràcia,41.4112,2.15747,political,"Vallcarca, el Coll i la Salut


","41.4112,2.15747"
585,68,2267,"Av. del Litoral, 86-96, 08005 Barcelona, Spain",41.4,2.21173,,"el Poblenou i Diagonal Mar

","41.4,2.21173"
877,54,3233,Escultura Feníxia,41.37,2.15386,,"el Poble Sec i Montjuïc

","41.37,2.15386"
878,54,3234,Escultura Feníxia,41.37,2.15386,,"el Poble Sec i Montjuïc

","41.37,2.15386"
1079,54,3233,Escultura Feníxia,41.37,2.15386,,"el Poble Sec i Montjuïc

","41.37,2.15386"
1081,54,3233,Escultura Feníxia,41.37,2.15386,,"el Poble Sec i Montjuïc

","41.37,2.15386"
7150,150,24225,Cascada del Parc de la Ciutadella,41.39,2.18655,,"Sant Pere, Santa Caterina i la Ribera
","41.39,2.18655"
7193,150,24225,Cascada del Parc de la Ciutadella,41.39,2.18655,,"Sant Pere, Santa Caterina i la Ribera
","41.39,2.18655"
1608,60,5485,Mirandoalmar Restaurante,41.375,2.18329,,"el Barri Gòtic
","41.375,2.18329"
1062,54,3703,La Gavina,41.3808,2.1853,,la Barceloneta,"41.3808,2.1853"
1063,54,3704,La Gavina,41.3808,2.1853,,la Barceloneta,"41.3808,2.1853"
4727,54,16240,Archdiocese of Barcelona,41.384,2.17625,,"el Barri Gòtic
","41.384,2.17625"
891,54,3250,Plaça de Catalunya,41.387,2.17005,,"la Dreta de l'Eixample
","41.387,2.17005"
1109,54,3250,Plaça de Catalunya,41.387,2.17005,,"la Dreta de l'Eixample
","41.387,2.17005"
1539,54,3250,Plaça de Catalunya,41.387,2.17005,,"la Dreta de l'Eixample
","41.387,2.17005"
1540,54,3250,Plaça de Catalunya,41.387,2.17005,,"la Dreta de l'Eixample
","41.387,2.17005"
2887,54,3250,Plaça de Catalunya,41.387,2.17005,,"la Dreta de l'Eixample
","41.387,2.17005"
8003,1977,3250,Plaça de Catalunya,41.387,2.17005,,"la Dreta de l'Eixample
","41.387,2.17005"
1144,54,3796,"Pg. de Gràcia, 1, 08007 Barcelona, Spain",41.388,2.16947,,"la Dreta de l'Eixample
","41.388,2.16947"
1099,54,3237,"Pg. de Gràcia, 58, 08007 Barcelona, Spain",41.3927,2.1649,,"la Dreta de l'Eixample
","41.3927,2.1649"
7149,150,24222,Jardín de Aclimatacion,41.3657,2.15315,,"el Poble Sec i Montjuïc

","41.3657,2.15315"
7211,150,24222,Jardín de Aclimatacion,41.3657,2.15315,,"el Poble Sec i Montjuïc

","41.3657,2.15315"
7191,150,24400,Estadi Olímpic,41.3662,2.15532,,"el Poble Sec i Montjuïc

","41.3662,2.15532"
7490,312,24400,Estadi Olímpic,41.3662,2.15532,,"el Poble Sec i Montjuïc

","41.3662,2.15532"
4742,54,16286,Poble Espanyol,41.3688,2.14827,,"el Poble Sec i Montjuïc

","41.3688,2.14827"
1082,54,3741,Fresc la terrassa del MNAC,41.3688,2.15333,,"el Poble Sec i Montjuïc

","41.3688,2.15333"
1083,54,3742,Mirador Barcelona,41.3696,2.15445,,"el Poble Sec i Montjuïc

","41.3696,2.15445"
3795,54,13058,Catalan Museum of Archaeology,41.3698,2.15766,,"el Poble Sec i Montjuïc

","41.3698,2.15766"
3796,54,13058,Catalan Museum of Archaeology,41.3698,2.15766,,"el Poble Sec i Montjuïc

","41.3698,2.15766"
3797,54,13058,Catalan Museum of Archaeology,41.3698,2.15766,,"el Poble Sec i Montjuïc

","41.3698,2.15766"
3798,54,13058,Catalan Museum of Archaeology,41.3698,2.15766,,"el Poble Sec i Montjuïc

","41.3698,2.15766"
3799,54,13058,Catalan Museum of Archaeology,41.3698,2.15766,,"el Poble Sec i Montjuïc

","41.3698,2.15766"
3800,54,13058,Catalan Museum of Archaeology,41.3698,2.15766,,"el Poble Sec i Montjuïc

","41.3698,2.15766"
3801,54,13058,Catalan Museum of Archaeology,41.3698,2.15766,,"el Poble Sec i Montjuïc

","41.3698,2.15766"
3802,54,13058,Catalan Museum of Archaeology,41.3698,2.15766,,"el Poble Sec i Montjuïc

","41.3698,2.15766"
3803,54,13058,Catalan Museum of Archaeology,41.3698,2.15766,,"el Poble Sec i Montjuïc

","41.3698,2.15766"
3804,54,13058,Catalan Museum of Archaeology,41.3698,2.15766,,"el Poble Sec i Montjuïc

","41.3698,2.15766"
3805,54,13058,Catalan Museum of Archaeology,41.3698,2.15766,,"el Poble Sec i Montjuïc

","41.3698,2.15766"
3806,54,13058,Catalan Museum of Archaeology,41.3698,2.15766,,"el Poble Sec i Montjuïc

","41.3698,2.15766"
3807,54,13058,Catalan Museum of Archaeology,41.3698,2.15766,,"el Poble Sec i Montjuïc

","41.3698,2.15766"
3808,54,13058,Catalan Museum of Archaeology,41.3698,2.15766,,"el Poble Sec i Montjuïc

","41.3698,2.15766"
3809,54,13058,Catalan Museum of Archaeology,41.3698,2.15766,,"el Poble Sec i Montjuïc

","41.3698,2.15766"
3810,54,13058,Catalan Museum of Archaeology,41.3698,2.15766,,"el Poble Sec i Montjuïc

","41.3698,2.15766"
3811,54,13058,Catalan Museum of Archaeology,41.3698,2.15766,,"el Poble Sec i Montjuïc

","41.3698,2.15766"
1048,54,3686,"Pl. de Carles Buïgas, 7-11, 08038 Barcelona, Spain",41.3706,2.15206,,"el Poble Sec i Montjuïc

","41.3706,2.15206"
1049,54,3686,"Pl. de Carles Buïgas, 7-11, 08038 Barcelona, Spain",41.3706,2.15206,,"el Poble Sec i Montjuïc

","41.3706,2.15206"
2983,1,10158,Pizzeria Trattoria La Briciola,41.3738,2.13655,,Sants i Badal,"41.3738,2.13655"
2984,1,10159,Pizzeria Trattoria La Briciola,41.3738,2.13655,,Sants i Badal,"41.3738,2.13655"
2065,116,6993,"Carrer Nou de la Rambla, 113, 08004 Barcelona, Spain",41.3744,2.16961,,"el Poble Sec i Montjuïc

","41.3744,2.16961"
2097,116,6993,"Carrer Nou de la Rambla, 113, 08004 Barcelona, Spain",41.3744,2.16961,,"el Poble Sec i Montjuïc

","41.3744,2.16961"
5889,279,6993,"Carrer Nou de la Rambla, 113, 08004 Barcelona, Spain",41.3744,2.16961,,"el Poble Sec i Montjuïc

","41.3744,2.16961"
1045,54,1422,Pl Espanya - Fira Barcelona,41.3747,2.14988,,"el Poble Sec i Montjuïc

","41.3747,2.14988"
1047,54,1422,Pl Espanya - Fira Barcelona,41.3747,2.14988,,"el Poble Sec i Montjuïc

","41.3747,2.14988"
1806,59,1422,Pl Espanya - Fira Barcelona,41.3747,2.14988,,"el Poble Sec i Montjuïc

","41.3747,2.14988"
1808,59,1422,Pl Espanya - Fira Barcelona,41.3747,2.14988,,"el Poble Sec i Montjuïc

","41.3747,2.14988"
1591,60,5340,Chiringuito ONA,41.3749,2.19019,,la Barceloneta,"41.3749,2.19019"
1021,54,3677,Arenas de Barcelona,41.3763,2.14931,,la Nova Esquerra de l'Eixample,"41.3763,2.14931"
1022,54,3678,Arenas de Barcelona,41.3763,2.14931,,la Nova Esquerra de l'Eixample,"41.3763,2.14931"
1068,54,3716,La Plata,41.3804,2.18059,,"el Barri Gòtic
","41.3804,2.18059"
1064,54,3702,MUELLE ESPAÑA,41.3805,2.18363,,la Barceloneta,"41.3805,2.18363"
1066,54,3715,"Pas de Sota Muralla, 3, 08003 Barcelona, Spain",41.3813,2.18287,,"Sant Pere, Santa Caterina i la Ribera
","41.3813,2.18287"
1067,54,3715,"Pas de Sota Muralla, 3, 08003 Barcelona, Spain",41.3813,2.18287,,"Sant Pere, Santa Caterina i la Ribera
","41.3813,2.18287"
1078,54,3736,Acta BCN 40,41.3827,2.16583,,"el Raval
","41.3827,2.16583"
730,59,2767,Museu d'Art Contemporani de Barcelona,41.3832,2.16687,,"el Raval
","41.3832,2.16687"
731,59,2767,Museu d'Art Contemporani de Barcelona,41.3832,2.16687,,"el Raval
","41.3832,2.16687"
1075,54,2767,Museu d'Art Contemporani de Barcelona,41.3832,2.16687,,"el Raval
","41.3832,2.16687"
1077,54,2767,Museu d'Art Contemporani de Barcelona,41.3832,2.16687,,"el Raval
","41.3832,2.16687"
1113,54,2767,Museu d'Art Contemporani de Barcelona,41.3832,2.16687,,"el Raval
","41.3832,2.16687"
1114,54,2767,Museu d'Art Contemporani de Barcelona,41.3832,2.16687,,"el Raval
","41.3832,2.16687"
1115,54,2767,Museu d'Art Contemporani de Barcelona,41.3832,2.16687,,"el Raval
","41.3832,2.16687"
1116,54,2767,Museu d'Art Contemporani de Barcelona,41.3832,2.16687,,"el Raval
","41.3832,2.16687"
1117,54,2767,Museu d'Art Contemporani de Barcelona,41.3832,2.16687,,"el Raval
","41.3832,2.16687"
1118,54,2767,Museu d'Art Contemporani de Barcelona,41.3832,2.16687,,"el Raval
","41.3832,2.16687"
1119,54,2767,Museu d'Art Contemporani de Barcelona,41.3832,2.16687,,"el Raval
","41.3832,2.16687"
1120,54,2767,Museu d'Art Contemporani de Barcelona,41.3832,2.16687,,"el Raval
","41.3832,2.16687"
1121,54,2767,Museu d'Art Contemporani de Barcelona,41.3832,2.16687,,"el Raval
","41.3832,2.16687"
1122,54,2767,Museu d'Art Contemporani de Barcelona,41.3832,2.16687,,"el Raval
","41.3832,2.16687"
1123,54,2767,Museu d'Art Contemporani de Barcelona,41.3832,2.16687,,"el Raval
","41.3832,2.16687"
1124,54,2767,Museu d'Art Contemporani de Barcelona,41.3832,2.16687,,"el Raval
","41.3832,2.16687"
1125,54,2767,Museu d'Art Contemporani de Barcelona,41.3832,2.16687,,"el Raval
","41.3832,2.16687"
1126,54,2767,Museu d'Art Contemporani de Barcelona,41.3832,2.16687,,"el Raval
","41.3832,2.16687"
1127,54,2767,Museu d'Art Contemporani de Barcelona,41.3832,2.16687,,"el Raval
","41.3832,2.16687"
1128,54,2767,Museu d'Art Contemporani de Barcelona,41.3832,2.16687,,"el Raval
","41.3832,2.16687"
1129,54,2767,Museu d'Art Contemporani de Barcelona,41.3832,2.16687,,"el Raval
","41.3832,2.16687"
1130,54,2767,Museu d'Art Contemporani de Barcelona,41.3832,2.16687,,"el Raval
","41.3832,2.16687"
1131,54,2767,Museu d'Art Contemporani de Barcelona,41.3832,2.16687,,"el Raval
","41.3832,2.16687"
1132,54,2767,Museu d'Art Contemporani de Barcelona,41.3832,2.16687,,"el Raval
","41.3832,2.16687"
1133,54,2767,Museu d'Art Contemporani de Barcelona,41.3832,2.16687,,"el Raval
","41.3832,2.16687"
1134,54,2767,Museu d'Art Contemporani de Barcelona,41.3832,2.16687,,"el Raval
","41.3832,2.16687"
1135,54,2767,Museu d'Art Contemporani de Barcelona,41.3832,2.16687,,"el Raval
","41.3832,2.16687"
1136,54,2767,Museu d'Art Contemporani de Barcelona,41.3832,2.16687,,"el Raval
","41.3832,2.16687"
1137,54,2767,Museu d'Art Contemporani de Barcelona,41.3832,2.16687,,"el Raval
","41.3832,2.16687"
1138,54,2767,Museu d'Art Contemporani de Barcelona,41.3832,2.16687,,"el Raval
","41.3832,2.16687"
1139,54,2767,Museu d'Art Contemporani de Barcelona,41.3832,2.16687,,"el Raval
","41.3832,2.16687"
1140,54,2767,Museu d'Art Contemporani de Barcelona,41.3832,2.16687,,"el Raval
","41.3832,2.16687"
1141,54,2767,Museu d'Art Contemporani de Barcelona,41.3832,2.16687,,"el Raval
","41.3832,2.16687"
1142,54,2767,Museu d'Art Contemporani de Barcelona,41.3832,2.16687,,"el Raval
","41.3832,2.16687"
1143,54,2767,Museu d'Art Contemporani de Barcelona,41.3832,2.16687,,"el Raval
","41.3832,2.16687"
6866,150,23424,Basilica of Santa Maria del Mar,41.3839,2.18207,,"Sant Pere, Santa Caterina i la Ribera
","41.3839,2.18207"
7151,150,23424,Basilica of Santa Maria del Mar,41.3839,2.18207,,"Sant Pere, Santa Caterina i la Ribera
","41.3839,2.18207"
234,1,971,"Carrer de la Princesa, 59, 08003 Barcelona, Spain",41.3873,2.18271,,"Sant Pere, Santa Caterina i la Ribera
","41.3873,2.18271"
1541,54,5254,"Gran Via de les Corts Catalanes, 595, 08007 Barcelona, Spain",41.3882,2.16609,,"la Dreta de l'Eixample
","41.3882,2.16609"
1041,54,443,Arco de Triunfo de Barcelona,41.3911,2.18064,,"Sant Pere, Santa Caterina i la Ribera
","41.3911,2.18064"
1043,54,443,Arco de Triunfo de Barcelona,41.3911,2.18064,,"Sant Pere, Santa Caterina i la Ribera
","41.3911,2.18064"
1044,54,443,Arco de Triunfo de Barcelona,41.3911,2.18064,,"Sant Pere, Santa Caterina i la Ribera
","41.3911,2.18064"
7194,150,443,Arco de Triunfo de Barcelona,41.3911,2.18064,,"Sant Pere, Santa Caterina i la Ribera
","41.3911,2.18064"
297,1,1218,Bar El Tomàs de Sarrià,41.3975,2.12305,,Sarrià i les Tres Torres,"41.3975,2.12305"
1455,132,5102,Mens Venilia Curso Coaching y PNL Barcelona,41.4015,2.19757,,"el Poblenou i Diagonal Mar

","41.4015,2.19757"
559,33,1436,Basílica de la Sagrada Família,41.4036,2.17436,,la Sagrada Família,"41.4036,2.17436"
560,33,1436,Basílica de la Sagrada Família,41.4036,2.17436,,la Sagrada Família,"41.4036,2.17436"
561,33,1436,Basílica de la Sagrada Família,41.4036,2.17436,,la Sagrada Família,"41.4036,2.17436"
562,33,1436,Basílica de la Sagrada Família,41.4036,2.17436,,la Sagrada Família,"41.4036,2.17436"
1050,54,1436,Basílica de la Sagrada Família,41.4036,2.17436,,la Sagrada Família,"41.4036,2.17436"
1052,54,1436,Basílica de la Sagrada Família,41.4036,2.17436,,la Sagrada Família,"41.4036,2.17436"
1053,54,1436,Basílica de la Sagrada Família,41.4036,2.17436,,la Sagrada Família,"41.4036,2.17436"
1054,54,1436,Basílica de la Sagrada Família,41.4036,2.17436,,la Sagrada Família,"41.4036,2.17436"
1899,138,1436,Basílica de la Sagrada Família,41.4036,2.17436,,la Sagrada Família,"41.4036,2.17436"
1900,138,1436,Basílica de la Sagrada Família,41.4036,2.17436,,la Sagrada Família,"41.4036,2.17436"
4547,155,1436,Basílica de la Sagrada Família,41.4036,2.17436,,la Sagrada Família,"41.4036,2.17436"
6448,282,1436,Basílica de la Sagrada Família,41.4036,2.17436,,la Sagrada Família,"41.4036,2.17436"
6449,282,1436,Basílica de la Sagrada Família,41.4036,2.17436,,la Sagrada Família,"41.4036,2.17436"
6451,282,1436,Basílica de la Sagrada Família,41.4036,2.17436,,la Sagrada Família,"41.4036,2.17436"
7685,1776,1436,Basílica de la Sagrada Família,41.4036,2.17436,,la Sagrada Família,"41.4036,2.17436"
7750,1211,1436,Basílica de la Sagrada Família,41.4036,2.17436,,la Sagrada Família,"41.4036,2.17436"
4332,255,14976,Bonavida Cocktail Bar,41.3893,2.1708,bar,"la Dreta de l'Eixample
","41.3893,2.1708"
5226,312,17938,Paco Meralgo,41.3916,2.1525,bar,"l'Antiga Esquerra de l'Eixample
","41.3916,2.1525"
5612,85,19062,ILUZIONE Barcelona,41.396,2.14055,bar,"Sarrià, les Tres Torres i Vallvidrera


","41.396,2.14055"
5613,85,19062,ILUZIONE Barcelona,41.396,2.14055,bar,"Sarrià, les Tres Torres i Vallvidrera


","41.396,2.14055"
4158,314,14362,Salts - Terrassa Bar Montjuïc,41.3692,2.16557,bar,"el Poble Sec i Montjuïc

","41.3692,2.16557"
7498,312,14362,Salts - Terrassa Bar Montjuïc,41.3692,2.16557,bar,"el Poble Sec i Montjuïc

","41.3692,2.16557"
7499,312,14362,Salts - Terrassa Bar Montjuïc,41.3692,2.16557,bar,"el Poble Sec i Montjuïc

","41.3692,2.16557"
7500,312,14362,Salts - Terrassa Bar Montjuïc,41.3692,2.16557,bar,"el Poble Sec i Montjuïc

","41.3692,2.16557"
863,54,3228,"La Carioca, Plaça de Pau Vila, Barcelona, Spain",41.3808,2.18635,bar,la Barceloneta,"41.3808,2.18635"
864,54,3228,"La Carioca, Plaça de Pau Vila, Barcelona, Spain",41.3808,2.18635,bar,la Barceloneta,"41.3808,2.18635"
865,54,3228,"La Carioca, Plaça de Pau Vila, Barcelona, Spain",41.3808,2.18635,bar,la Barceloneta,"41.3808,2.18635"
866,54,3229,"La Carioca, Plaça de Pau Vila, Barcelona, Spain",41.3808,2.18635,bar,la Barceloneta,"41.3808,2.18635"
1055,54,3228,"La Carioca, Plaça de Pau Vila, Barcelona, Spain",41.3808,2.18635,bar,la Barceloneta,"41.3808,2.18635"
1057,54,3228,"La Carioca, Plaça de Pau Vila, Barcelona, Spain",41.3808,2.18635,bar,la Barceloneta,"41.3808,2.18635"
1058,54,3228,"La Carioca, Plaça de Pau Vila, Barcelona, Spain",41.3808,2.18635,bar,la Barceloneta,"41.3808,2.18635"
1059,54,3228,"La Carioca, Plaça de Pau Vila, Barcelona, Spain",41.3808,2.18635,bar,la Barceloneta,"41.3808,2.18635"
1060,54,3228,"La Carioca, Plaça de Pau Vila, Barcelona, Spain",41.3808,2.18635,bar,la Barceloneta,"41.3808,2.18635"
3619,81,12421,Bodega del Born,41.3839,2.18163,bar,"Sant Pere, Santa Caterina i la Ribera
","41.3839,2.18163"
2859,33,9705,El Drapaire de la Cervesa Artesana,41.3847,2.16943,bar,"el Raval
","41.3847,2.16943"
2860,33,9706,El Drapaire de la Cervesa Artesana,41.3847,2.16943,bar,"el Raval
","41.3847,2.16943"
5037,490,17229,Skybar,41.3849,2.17765,bar,"Sant Pere, Santa Caterina i la Ribera
","41.3849,2.17765"
1668,59,5645,"Icebarcelona, Carrer de Ramon Trias Fargas, Barcelona, Spain",41.3853,2.19703,bar,la Barceloneta,"41.3853,2.19703"
1543,54,5269,"Pl. de Catalunya, 21, 08002 Barcelona, Spain",41.3859,2.17076,bar,"el Barri Gòtic
","41.3859,2.17076"
1544,54,5269,"Pl. de Catalunya, 21, 08002 Barcelona, Spain",41.3859,2.17076,bar,"el Barri Gòtic
","41.3859,2.17076"
7512,312,25197,Sagardi,41.3872,2.15885,bar,"l'Antiga Esquerra de l'Eixample
","41.3872,2.15885"
6782,279,23174,Antic Teatre,41.3872,2.17596,bar,"Sant Pere, Santa Caterina i la Ribera
","41.3872,2.17596"
1542,54,5258,"Rambla de Catalunya, 18, 08007 Barcelona, Spain",41.3888,2.16683,bar,"la Dreta de l'Eixample
","41.3888,2.16683"
5367,25,18237,Barcelona Axe Throwing (B.A.T),41.3888,2.17479,bar,"Sant Pere, Santa Caterina i la Ribera
","41.3888,2.17479"
5394,25,18237,Barcelona Axe Throwing (B.A.T),41.3888,2.17479,bar,"Sant Pere, Santa Caterina i la Ribera
","41.3888,2.17479"
2659,160,8953,Carpe Diem,41.3893,2.16357,bar,"la Dreta de l'Eixample
","41.3893,2.16357"
2665,160,8953,Carpe Diem,41.3893,2.16357,bar,"la Dreta de l'Eixample
","41.3893,2.16357"
1802,60,6070,"Rambla de Catalunya, 26, 08007 Barcelona, Spain",41.3895,2.16627,bar,"la Dreta de l'Eixample
","41.3895,2.16627"
1803,60,6070,"Rambla de Catalunya, 26, 08007 Barcelona, Spain",41.3895,2.16627,bar,"la Dreta de l'Eixample
","41.3895,2.16627"
811,59,3052,"Metric, Avinguda Diagonal, Barcelona, Spain",41.3916,2.14164,bar,"les Corts
","41.3916,2.14164"
812,59,3052,"Metric, Avinguda Diagonal, Barcelona, Spain",41.3916,2.14164,bar,"les Corts
","41.3916,2.14164"
813,59,3053,"Metric, Avinguda Diagonal, Barcelona, Spain",41.3916,2.14164,bar,"les Corts
","41.3916,2.14164"
814,59,3054,"Metric, Avinguda Diagonal, Barcelona, Spain",41.3916,2.14164,bar,"les Corts
","41.3916,2.14164"
3538,85,12059,El Quatre de Londres,41.3929,2.15017,bar,"l'Antiga Esquerra de l'Eixample
","41.3929,2.15017"
5746,85,12059,El Quatre de Londres,41.3929,2.15017,bar,"l'Antiga Esquerra de l'Eixample
","41.3929,2.15017"
5747,85,12059,El Quatre de Londres,41.3929,2.15017,bar,"l'Antiga Esquerra de l'Eixample
","41.3929,2.15017"
5751,85,12059,El Quatre de Londres,41.3929,2.15017,bar,"l'Antiga Esquerra de l'Eixample
","41.3929,2.15017"
5752,85,12059,El Quatre de Londres,41.3929,2.15017,bar,"l'Antiga Esquerra de l'Eixample
","41.3929,2.15017"
3180,126,10874,Cachitos Diagonal,41.3953,2.15369,bar,"Sarrià, les Tres Torres i Vallvidrera


","41.3953,2.15369"
896,54,3264,"Oasis, Carrer d'Àvila, Barcelona, Spain",41.3993,2.19213,bar,"el Parc, la Llacuna i la Vila Olímpica

","41.3993,2.19213"
4448,155,15289,Bobby Gin,41.3997,2.15839,bar,"la Vila de Gràcia
","41.3997,2.15839"
4720,693,16235,Bar-Terraza Ayre Rosellón,41.4048,2.17288,bar,la Sagrada Família,"41.4048,2.17288"
7477,1776,16235,Bar-Terraza Ayre Rosellón,41.4048,2.17288,bar,la Sagrada Família,"41.4048,2.17288"
5045,490,17245,Bus Terrassa,41.4093,2.22221,bar,"el Besòs, el Maresme i Provençals

","41.4093,2.22221"
5221,490,17245,Bus Terrassa,41.4093,2.22221,bar,"el Besòs, el Maresme i Provençals

","41.4093,2.22221"
4206,73,14495,Barcelona Zoo,41.3862,2.18712,zoo,"Sant Pere, Santa Caterina i la Ribera
","41.3862,2.18712"
4207,73,14495,Barcelona Zoo,41.3862,2.18712,zoo,"Sant Pere, Santa Caterina i la Ribera
","41.3862,2.18712"
4208,73,14495,Barcelona Zoo,41.3862,2.18712,zoo,"Sant Pere, Santa Caterina i la Ribera
","41.3862,2.18712"
4209,73,14495,Barcelona Zoo,41.3862,2.18712,zoo,"Sant Pere, Santa Caterina i la Ribera
","41.3862,2.18712"
4210,73,14495,Barcelona Zoo,41.3862,2.18712,zoo,"Sant Pere, Santa Caterina i la Ribera
","41.3862,2.18712"
4211,73,14495,Barcelona Zoo,41.3862,2.18712,zoo,"Sant Pere, Santa Caterina i la Ribera
","41.3862,2.18712"
5227,312,17940,Brunch & Cake,41.3883,2.1615,cafe,"l'Antiga Esquerra de l'Eixample
","41.3883,2.1615"
7487,312,25108,La Cala Barceloneta,41.3759,2.18771,cafe,la Barceloneta,"41.3759,2.18771"
1076,54,3260,"KINO, Barcelona, Spain",41.3826,2.16659,cafe,"el Raval
","41.3826,2.16659"
4367,54,15092,El Flako Corn Flakes & Co.,41.3829,2.18175,cafe,"Sant Pere, Santa Caterina i la Ribera
","41.3829,2.18175"
4368,54,15093,El Flako Corn Flakes & Co.,41.3829,2.18175,cafe,"Sant Pere, Santa Caterina i la Ribera
","41.3829,2.18175"
4369,54,15094,El Flako Corn Flakes & Co.,41.3829,2.18175,cafe,"Sant Pere, Santa Caterina i la Ribera
","41.3829,2.18175"
7913,2035,26469,Sweet Lima,41.3864,2.18298,cafe,"Sant Pere, Santa Caterina i la Ribera
","41.3864,2.18298"
5741,85,19489,Bopan Forners Artesans,41.3945,2.15836,cafe,"la Dreta de l'Eixample
","41.3945,2.15836"
1532,54,5239,"Pg. de Gràcia, 92, 08008 Barcelona, Spain",41.3952,2.16171,cafe,"la Dreta de l'Eixample
","41.3952,2.16171"
6902,34,5239,"Pg. de Gràcia, 92, 08008 Barcelona, Spain",41.3952,2.16171,cafe,"la Dreta de l'Eixample
","41.3952,2.16171"
7488,312,25113,Jardins de Laribal,41.3688,2.15945,park,"el Poble Sec i Montjuïc

","41.3688,2.15945"
5035,490,17225,Ciutadella Park,41.3881,2.18602,park,"Sant Pere, Santa Caterina i la Ribera
","41.3881,2.18602"
6970,150,17225,Ciutadella Park,41.3881,2.18602,park,"Sant Pere, Santa Caterina i la Ribera
","41.3881,2.18602"
7722,1211,17225,Ciutadella Park,41.3881,2.18602,park,"Sant Pere, Santa Caterina i la Ribera
","41.3881,2.18602"
7723,1211,17225,Ciutadella Park,41.3881,2.18602,park,"Sant Pere, Santa Caterina i la Ribera
","41.3881,2.18602"
7731,1211,17225,Ciutadella Park,41.3881,2.18602,park,"Sant Pere, Santa Caterina i la Ribera
","41.3881,2.18602"
7736,1211,17225,Ciutadella Park,41.3881,2.18602,park,"Sant Pere, Santa Caterina i la Ribera
","41.3881,2.18602"
7737,1211,17225,Ciutadella Park,41.3881,2.18602,park,"Sant Pere, Santa Caterina i la Ribera
","41.3881,2.18602"
7747,1211,17225,Ciutadella Park,41.3881,2.18602,park,"Sant Pere, Santa Caterina i la Ribera
","41.3881,2.18602"
7752,1211,17225,Ciutadella Park,41.3881,2.18602,park,"Sant Pere, Santa Caterina i la Ribera
","41.3881,2.18602"
7142,282,24196,Water Walls,41.3906,2.19352,park,"el Parc, la Llacuna i la Vila Olímpica

","41.3906,2.19352"
7143,282,24197,Water Walls,41.3906,2.19352,park,"el Parc, la Llacuna i la Vila Olímpica

","41.3906,2.19352"
2917,1,9807,Plaça Reial,41.38,2.17504,route,"el Barri Gòtic
","41.38,2.17504"
6938,282,23636,Avenue Parallèle,41.3749,2.1632,route,"el Poble Sec i Montjuïc

","41.3749,2.1632"
7141,282,24186,Avinguda d'Icària,41.3911,2.1967,route,"el Parc, la Llacuna i la Vila Olímpica

","41.3911,2.1967"
7882,1869,26383,Carrer del Rosselló,41.397,2.16226,route,"la Dreta de l'Eixample
","41.397,2.16226"
2504,138,8456,"Paseo Juan de Borbón, Barcelona, Spain",41.3734,2.18804,route,la Barceloneta,"41.3734,2.18804"
6936,282,23632,Passeig de Joan de Borbó,41.3734,2.18804,route,la Barceloneta,"41.3734,2.18804"
4737,54,16276,Carrer dels Templers,41.3817,2.17809,route,"el Barri Gòtic
","41.3817,2.17809"
4392,54,15172,Plaça de Sant Felip Neri,41.3834,2.17505,route,"el Barri Gòtic
","41.3834,2.17505"
4393,54,15173,Plaça de Sant Felip Neri,41.3834,2.17505,route,"el Barri Gòtic
","41.3834,2.17505"
4725,54,15172,Plaça de Sant Felip Neri,41.3834,2.17505,route,"el Barri Gòtic
","41.3834,2.17505"
6868,150,23425,Plaça de Sant Felip Neri,41.3834,2.17505,route,"el Barri Gòtic
","41.3834,2.17505"
6863,150,23409,Plaça de les Olles,41.3837,2.18324,route,"Sant Pere, Santa Caterina i la Ribera
","41.3837,2.18324"
7654,1428,25604,Carrer de la Volta dels Tamborets,41.3839,2.18257,route,"Sant Pere, Santa Caterina i la Ribera
","41.3839,2.18257"
7655,1428,25604,Carrer de la Volta dels Tamborets,41.3839,2.18257,route,"Sant Pere, Santa Caterina i la Ribera
","41.3839,2.18257"
2995,1,10214,Plaça de Ramon Berenguer el Gran,41.3843,2.17763,route,"el Barri Gòtic
","41.3843,2.17763"
6865,150,23419,Carrer de l'Arc de Sant Vicenç,41.3847,2.18183,route,"Sant Pere, Santa Caterina i la Ribera
","41.3847,2.18183"
3633,81,12468,Passeig del Born,41.3847,2.18286,route,"Sant Pere, Santa Caterina i la Ribera
","41.3847,2.18286"
1820,60,3095,"Plaça d'Isidre Nonell, Barcelona, Spain",41.3851,2.17492,route,"el Barri Gòtic
","41.3851,2.17492"
5151,312,17664,Plaça d'Isidre Nonell,41.3851,2.17492,route,"el Barri Gòtic
","41.3851,2.17492"
7038,312,17664,Plaça d'Isidre Nonell,41.3851,2.17492,route,"el Barri Gòtic
","41.3851,2.17492"
7761,1211,3095,"Plaça d'Isidre Nonell, Barcelona, Spain",41.3851,2.17492,route,"el Barri Gòtic
","41.3851,2.17492"
729,59,2759,"Plaça de la Universitat, Barcelona, Spain",41.3856,2.16426,route,"Sant Antoni
","41.3856,2.16426"
2890,54,9748,La Rambla,41.3856,2.16982,route,"la Dreta de l'Eixample
","41.3856,2.16982"
2891,54,9749,La Rambla,41.3856,2.16982,route,"la Dreta de l'Eixample
","41.3856,2.16982"
4272,60,14737,La Rambla,41.3856,2.16982,route,"la Dreta de l'Eixample
","41.3856,2.16982"
1545,54,5270,"Avinguda del Portal de l'Àngel, Barcelona, Spain",41.3858,2.17275,route,"el Barri Gòtic
","41.3858,2.17275"
7906,1776,26455,Plaça de Catalunya,41.3866,2.16939,route,"la Dreta de l'Eixample
","41.3866,2.16939"
5740,85,19484,Rambla de Catalunya,41.3919,2.16221,route,"la Dreta de l'Eixample
","41.3919,2.16221"
1110,54,3791,"Passeig de Gràcia, Barcelona, Spain",41.3927,2.16459,route,"la Dreta de l'Eixample
","41.3927,2.16459"
1538,54,3791,"Passeig de Gràcia, Barcelona, Spain",41.3927,2.16459,route,"la Dreta de l'Eixample
","41.3927,2.16459"
1818,60,3791,"Passeig de Gràcia, Barcelona, Spain",41.3927,2.16459,route,"la Dreta de l'Eixample
","41.3927,2.16459"
2601,159,3791,"Passeig de Gràcia, Barcelona, Spain",41.3927,2.16459,route,"la Dreta de l'Eixample
","41.3927,2.16459"
6948,282,23669,Passeig de Gràcia,41.3927,2.16459,route,"la Dreta de l'Eixample
","41.3927,2.16459"
6610,135,22575,Ronda del General Mitre,41.4018,2.13693,route,"Sarrià, les Tres Torres i Vallvidrera


","41.4018,2.13693"
6288,282,21438,Carrer dels Quatre Camins,41.4105,2.13119,route,Sant Gervasi - la Bonanova i el Putget,"41.4105,2.13119"
670,33,2512,"Carretera de les Aigües, Barcelona, Spain",41.4124,2.11934,route,Sarrià i les Tres Torres,"41.4124,2.11934"
5232,856,17969,Carretera de les Aigües,41.4124,2.11941,route,Sarrià i les Tres Torres,"41.4124,2.11941"
662,33,2513,"Plaça del Doctor Andreu, Barcelona, Spain",41.4158,2.12975,route,Sant Gervasi - la Bonanova i el Putget,"41.4158,2.12975"
7807,1923,26038,Passatge del Dipòsit,41.4173,2.16169,route,"el Carmel i Can Baró

","41.4173,2.16169"
7643,1428,25552,Brunells,41.3854,2.18068,bakery,"Sant Pere, Santa Caterina i la Ribera
","41.3854,2.18068"
7081,1428,23985,Demasié,41.3856,2.18094,bakery,"Sant Pere, Santa Caterina i la Ribera
","41.3856,2.18094"
6350,314,21654,DeLaCrem,41.3879,2.16194,bakery,"l'Antiga Esquerra de l'Eixample
","41.3879,2.16194"
3378,262,11534,COOKONA,41.3914,2.15505,bakery,"l'Antiga Esquerra de l'Eixample
","41.3914,2.15505"
3402,262,11534,COOKONA,41.3914,2.15505,bakery,"l'Antiga Esquerra de l'Eixample
","41.3914,2.15505"
3403,262,11534,COOKONA,41.3914,2.15505,bakery,"l'Antiga Esquerra de l'Eixample
","41.3914,2.15505"
3404,262,11534,COOKONA,41.3914,2.15505,bakery,"l'Antiga Esquerra de l'Eixample
","41.3914,2.15505"
3405,262,11534,COOKONA,41.3914,2.15505,bakery,"l'Antiga Esquerra de l'Eixample
","41.3914,2.15505"
3406,262,11534,COOKONA,41.3914,2.15505,bakery,"l'Antiga Esquerra de l'Eixample
","41.3914,2.15505"
3407,262,11534,COOKONA,41.3914,2.15505,bakery,"l'Antiga Esquerra de l'Eixample
","41.3914,2.15505"
3408,262,11534,COOKONA,41.3914,2.15505,bakery,"l'Antiga Esquerra de l'Eixample
","41.3914,2.15505"
3409,262,11534,COOKONA,41.3914,2.15505,bakery,"l'Antiga Esquerra de l'Eixample
","41.3914,2.15505"
3410,262,11534,COOKONA,41.3914,2.15505,bakery,"l'Antiga Esquerra de l'Eixample
","41.3914,2.15505"
3411,262,11534,COOKONA,41.3914,2.15505,bakery,"l'Antiga Esquerra de l'Eixample
","41.3914,2.15505"
3412,262,11534,COOKONA,41.3914,2.15505,bakery,"l'Antiga Esquerra de l'Eixample
","41.3914,2.15505"
3413,262,11534,COOKONA,41.3914,2.15505,bakery,"l'Antiga Esquerra de l'Eixample
","41.3914,2.15505"
3414,262,11534,COOKONA,41.3914,2.15505,bakery,"l'Antiga Esquerra de l'Eixample
","41.3914,2.15505"
3415,262,11534,COOKONA,41.3914,2.15505,bakery,"l'Antiga Esquerra de l'Eixample
","41.3914,2.15505"
3416,262,11534,COOKONA,41.3914,2.15505,bakery,"l'Antiga Esquerra de l'Eixample
","41.3914,2.15505"
3417,262,11534,COOKONA,41.3914,2.15505,bakery,"l'Antiga Esquerra de l'Eixample
","41.3914,2.15505"
3418,262,11534,COOKONA,41.3914,2.15505,bakery,"l'Antiga Esquerra de l'Eixample
","41.3914,2.15505"
3419,262,11534,COOKONA,41.3914,2.15505,bakery,"l'Antiga Esquerra de l'Eixample
","41.3914,2.15505"
3421,262,11534,COOKONA,41.3914,2.15505,bakery,"l'Antiga Esquerra de l'Eixample
","41.3914,2.15505"
3422,262,11534,COOKONA,41.3914,2.15505,bakery,"l'Antiga Esquerra de l'Eixample
","41.3914,2.15505"
7501,312,11534,COOKONA,41.3914,2.15505,bakery,"l'Antiga Esquerra de l'Eixample
","41.3914,2.15505"
429,68,1701,"Moco Museum Barcelona, Carrer de Montcada, Barcelona, Spain",41.3847,2.18156,museum,"Sant Pere, Santa Caterina i la Ribera
","41.3847,2.18156"
1226,61,1701,"Moco Museum Barcelona, Carrer de Montcada, Barcelona, Spain",41.3847,2.18156,museum,"Sant Pere, Santa Caterina i la Ribera
","41.3847,2.18156"
1228,61,1701,"Moco Museum Barcelona, Carrer de Montcada, Barcelona, Spain",41.3847,2.18156,museum,"Sant Pere, Santa Caterina i la Ribera
","41.3847,2.18156"
1896,61,1701,"Moco Museum Barcelona, Carrer de Montcada, Barcelona, Spain",41.3847,2.18156,museum,"Sant Pere, Santa Caterina i la Ribera
","41.3847,2.18156"
4434,155,1701,"Moco Museum Barcelona, Carrer de Montcada, Barcelona, Spain",41.3847,2.18156,museum,"Sant Pere, Santa Caterina i la Ribera
","41.3847,2.18156"
4435,155,1701,"Moco Museum Barcelona, Carrer de Montcada, Barcelona, Spain",41.3847,2.18156,museum,"Sant Pere, Santa Caterina i la Ribera
","41.3847,2.18156"
4436,155,1701,"Moco Museum Barcelona, Carrer de Montcada, Barcelona, Spain",41.3847,2.18156,museum,"Sant Pere, Santa Caterina i la Ribera
","41.3847,2.18156"
4889,255,1701,"Moco Museum Barcelona, Carrer de Montcada, Barcelona, Spain",41.3847,2.18156,museum,"Sant Pere, Santa Caterina i la Ribera
","41.3847,2.18156"
4893,255,1701,"Moco Museum Barcelona, Carrer de Montcada, Barcelona, Spain",41.3847,2.18156,museum,"Sant Pere, Santa Caterina i la Ribera
","41.3847,2.18156"
5150,312,1701,"Moco Museum Barcelona, Carrer de Montcada, Barcelona, Spain",41.3847,2.18156,museum,"Sant Pere, Santa Caterina i la Ribera
","41.3847,2.18156"
6954,282,1701,"Moco Museum Barcelona, Carrer de Montcada, Barcelona, Spain",41.3847,2.18156,museum,"Sant Pere, Santa Caterina i la Ribera
","41.3847,2.18156"
7574,1776,1701,"Moco Museum Barcelona, Carrer de Montcada, Barcelona, Spain",41.3847,2.18156,museum,"Sant Pere, Santa Caterina i la Ribera
","41.3847,2.18156"
4541,476,15563,Hotel Colón,41.385,2.17584,lodging,"el Barri Gòtic
","41.385,2.17584"
7892,2032,15563,Hotel Colón,41.385,2.17584,lodging,"el Barri Gòtic
","41.385,2.17584"
683,59,2562,"Hotel W Barcelona, Passeig de Joan de Borbó, Barcelona, Spain",41.3684,2.19015,lodging,la Barceloneta,"41.3684,2.19015"
685,59,2562,"Hotel W Barcelona, Passeig de Joan de Borbó, Barcelona, Spain",41.3684,2.19015,lodging,la Barceloneta,"41.3684,2.19015"
2503,138,2562,"Hotel W Barcelona, Passeig de Joan de Borbó, Barcelona, Spain",41.3684,2.19015,lodging,la Barceloneta,"41.3684,2.19015"
2529,138,2562,"Hotel W Barcelona, Passeig de Joan de Borbó, Barcelona, Spain",41.3684,2.19015,lodging,la Barceloneta,"41.3684,2.19015"
2530,138,2562,"Hotel W Barcelona, Passeig de Joan de Borbó, Barcelona, Spain",41.3684,2.19015,lodging,la Barceloneta,"41.3684,2.19015"
6896,856,2562,"Hotel W Barcelona, Passeig de Joan de Borbó, Barcelona, Spain",41.3684,2.19015,lodging,la Barceloneta,"41.3684,2.19015"
7140,282,2562,"Hotel W Barcelona, Passeig de Joan de Borbó, Barcelona, Spain",41.3684,2.19015,lodging,la Barceloneta,"41.3684,2.19015"
5036,490,17228,Hotel NH Collection Barcelona Gran Hotel Calderón,41.3893,2.16604,lodging,"la Dreta de l'Eixample
","41.3893,2.16604"
1106,54,3245,"Pg. de Gràcia, 24, 08007 Barcelona, Spain",41.3902,2.16795,lodging,"la Dreta de l'Eixample
","41.3902,2.16795"
3536,85,12053,Hotel Vincci Mae,41.3935,2.14598,lodging,"Sarrià, les Tres Torres i Vallvidrera


","41.3935,2.14598"
7356,1096,12053,Hotel Vincci Mae,41.3935,2.14598,lodging,"Sarrià, les Tres Torres i Vallvidrera


","41.3935,2.14598"
1194,108,458,"Las Arenas, Barcelona, Spain",41.365,2.1492,premise,"el Poble Sec i Montjuïc

","41.365,2.1492"
1807,59,458,"Las Arenas, Barcelona, Spain",41.365,2.1492,premise,"el Poble Sec i Montjuïc

","41.365,2.1492"
4648,1,10670,Mercat del Born,41.3854,2.1841,premise,"Sant Pere, Santa Caterina i la Ribera
","41.3854,2.1841"
489,60,440,Arc de Triomf,41.391,2.18066,premise,"Sant Pere, Santa Caterina i la Ribera
","41.391,2.18066"
1040,54,440,Arc de Triomf,41.391,2.18066,premise,"Sant Pere, Santa Caterina i la Ribera
","41.391,2.18066"
1042,54,440,Arc de Triomf,41.391,2.18066,premise,"Sant Pere, Santa Caterina i la Ribera
","41.391,2.18066"
1615,60,440,Arc de Triomf,41.391,2.18066,premise,"Sant Pere, Santa Caterina i la Ribera
","41.391,2.18066"
1801,154,6065,"C. de Floridablanca, 119, 08011 Barcelona, Spain",41.3808,2.16126,premise,"Sant Antoni
","41.3808,2.16126"
3626,81,10211,Palau Reial Major,41.3842,2.17756,premise,"el Barri Gòtic
","41.3842,2.17756"
2107,54,1423,Edifici històric de la Universitat de Barcelona,41.3865,2.16367,premise,"l'Antiga Esquerra de l'Eixample
","41.3865,2.16367"
2108,54,1423,Edifici històric de la Universitat de Barcelona,41.3865,2.16367,premise,"l'Antiga Esquerra de l'Eixample
","41.3865,2.16367"
2109,54,1423,Edifici històric de la Universitat de Barcelona,41.3865,2.16367,premise,"l'Antiga Esquerra de l'Eixample
","41.3865,2.16367"
2110,54,1423,Edifici històric de la Universitat de Barcelona,41.3865,2.16367,premise,"l'Antiga Esquerra de l'Eixample
","41.3865,2.16367"
5432,59,18408,Palau Blaugrana,41.3801,2.12013,stadium,"la Maternitat i Sant Ramon
","41.3801,2.12013"
5433,59,18408,Palau Blaugrana,41.3801,2.12013,stadium,"la Maternitat i Sant Ramon
","41.3801,2.12013"
5434,59,18408,Palau Blaugrana,41.3801,2.12013,stadium,"la Maternitat i Sant Ramon
","41.3801,2.12013"
214,1,858,"C. d'Arístides Maillol, 12, 08028 Barcelona, Spain",41.3809,2.12282,stadium,"la Maternitat i Sant Ramon
","41.3809,2.12282"
215,1,858,"C. d'Arístides Maillol, 12, 08028 Barcelona, Spain",41.3809,2.12282,stadium,"la Maternitat i Sant Ramon
","41.3809,2.12282"
216,1,858,"C. d'Arístides Maillol, 12, 08028 Barcelona, Spain",41.3809,2.12282,stadium,"la Maternitat i Sant Ramon
","41.3809,2.12282"
1796,115,858,"C. d'Arístides Maillol, 12, 08028 Barcelona, Spain",41.3809,2.12282,stadium,"la Maternitat i Sant Ramon
","41.3809,2.12282"
1797,115,858,"C. d'Arístides Maillol, 12, 08028 Barcelona, Spain",41.3809,2.12282,stadium,"la Maternitat i Sant Ramon
","41.3809,2.12282"
1798,115,858,"C. d'Arístides Maillol, 12, 08028 Barcelona, Spain",41.3809,2.12282,stadium,"la Maternitat i Sant Ramon
","41.3809,2.12282"
1799,115,858,"C. d'Arístides Maillol, 12, 08028 Barcelona, Spain",41.3809,2.12282,stadium,"la Maternitat i Sant Ramon
","41.3809,2.12282"
1800,115,858,"C. d'Arístides Maillol, 12, 08028 Barcelona, Spain",41.3809,2.12282,stadium,"la Maternitat i Sant Ramon
","41.3809,2.12282"
2101,175,858,"C. d'Arístides Maillol, 12, 08028 Barcelona, Spain",41.3809,2.12282,stadium,"la Maternitat i Sant Ramon
","41.3809,2.12282"
2102,175,858,"C. d'Arístides Maillol, 12, 08028 Barcelona, Spain",41.3809,2.12282,stadium,"la Maternitat i Sant Ramon
","41.3809,2.12282"
2880,54,858,"C. d'Arístides Maillol, 12, 08028 Barcelona, Spain",41.3809,2.12282,stadium,"la Maternitat i Sant Ramon
","41.3809,2.12282"
2881,54,858,"C. d'Arístides Maillol, 12, 08028 Barcelona, Spain",41.3809,2.12282,stadium,"la Maternitat i Sant Ramon
","41.3809,2.12282"
2882,54,858,"C. d'Arístides Maillol, 12, 08028 Barcelona, Spain",41.3809,2.12282,stadium,"la Maternitat i Sant Ramon
","41.3809,2.12282"
2883,54,858,"C. d'Arístides Maillol, 12, 08028 Barcelona, Spain",41.3809,2.12282,stadium,"la Maternitat i Sant Ramon
","41.3809,2.12282"
2884,54,858,"C. d'Arístides Maillol, 12, 08028 Barcelona, Spain",41.3809,2.12282,stadium,"la Maternitat i Sant Ramon
","41.3809,2.12282"
2885,54,858,"C. d'Arístides Maillol, 12, 08028 Barcelona, Spain",41.3809,2.12282,stadium,"la Maternitat i Sant Ramon
","41.3809,2.12282"
2886,54,858,"C. d'Arístides Maillol, 12, 08028 Barcelona, Spain",41.3809,2.12282,stadium,"la Maternitat i Sant Ramon
","41.3809,2.12282"
5743,85,858,"C. d'Arístides Maillol, 12, 08028 Barcelona, Spain",41.3809,2.12282,stadium,"la Maternitat i Sant Ramon
","41.3809,2.12282"
7452,518,858,"C. d'Arístides Maillol, 12, 08028 Barcelona, Spain",41.3809,2.12282,stadium,"la Maternitat i Sant Ramon
","41.3809,2.12282"
5792,54,19439,Aquàrium Barcelona,41.3768,2.18434,aquarium,"el Barri Gòtic
","41.3768,2.18434"
5793,54,19439,Aquàrium Barcelona,41.3768,2.18434,aquarium,"el Barri Gòtic
","41.3768,2.18434"
5794,54,19439,Aquàrium Barcelona,41.3768,2.18434,aquarium,"el Barri Gòtic
","41.3768,2.18434"
5795,54,19439,Aquàrium Barcelona,41.3768,2.18434,aquarium,"el Barri Gòtic
","41.3768,2.18434"
5796,54,19439,Aquàrium Barcelona,41.3768,2.18434,aquarium,"el Barri Gòtic
","41.3768,2.18434"
5797,54,19439,Aquàrium Barcelona,41.3768,2.18434,aquarium,"el Barri Gòtic
","41.3768,2.18434"
6266,54,19439,Aquàrium Barcelona,41.3768,2.18434,aquarium,"el Barri Gòtic
","41.3768,2.18434"
6267,54,19439,Aquàrium Barcelona,41.3768,2.18434,aquarium,"el Barri Gòtic
","41.3768,2.18434"
6268,54,19439,Aquàrium Barcelona,41.3768,2.18434,aquarium,"el Barri Gòtic
","41.3768,2.18434"
6269,54,19439,Aquàrium Barcelona,41.3768,2.18434,aquarium,"el Barri Gòtic
","41.3768,2.18434"
6270,54,19439,Aquàrium Barcelona,41.3768,2.18434,aquarium,"el Barri Gòtic
","41.3768,2.18434"
487,60,433,Barcelona,41.3874,2.16857,locality,"la Dreta de l'Eixample
","41.3874,2.16857"
488,60,433,Barcelona,41.3874,2.16857,locality,"la Dreta de l'Eixample
","41.3874,2.16857"
627,75,433,Barcelona,41.3874,2.16857,locality,"la Dreta de l'Eixample
","41.3874,2.16857"
3260,31,433,Barcelona,41.3874,2.16857,locality,"la Dreta de l'Eixample
","41.3874,2.16857"
4161,315,433,Barcelona,41.3874,2.16857,locality,"la Dreta de l'Eixample
","41.3874,2.16857"
4965,109,433,Barcelona,41.3874,2.16857,locality,"la Dreta de l'Eixample
","41.3874,2.16857"
5042,490,433,Barcelona,41.3874,2.16857,locality,"la Dreta de l'Eixample
","41.3874,2.16857"
5435,1137,433,Barcelona,41.3874,2.16857,locality,"la Dreta de l'Eixample
","41.3874,2.16857"
5730,377,433,Barcelona,41.3874,2.16857,locality,"la Dreta de l'Eixample
","41.3874,2.16857"
5787,644,433,Barcelona,41.3874,2.16857,locality,"la Dreta de l'Eixample
","41.3874,2.16857"
5788,644,433,Barcelona,41.3874,2.16857,locality,"la Dreta de l'Eixample
","41.3874,2.16857"
5789,644,433,Barcelona,41.3874,2.16857,locality,"la Dreta de l'Eixample
","41.3874,2.16857"
6505,1270,433,Barcelona,41.3874,2.16857,locality,"la Dreta de l'Eixample
","41.3874,2.16857"
7739,1211,433,Barcelona,41.3874,2.16857,locality,"la Dreta de l'Eixample
","41.3874,2.16857"
5039,490,17236,The Bunker,41.3897,2.174,night_club,"la Dreta de l'Eixample
","41.3897,2.174"
5040,490,17238,CDLC Barcelona (Carpe Diem),41.385,2.19627,night_club,la Barceloneta,"41.385,2.19627"
5041,490,17238,CDLC Barcelona (Carpe Diem),41.385,2.19627,night_club,la Barceloneta,"41.385,2.19627"
1666,59,5639,"Carrer de Tuset, 13, 08006 Barcelona, Spain",41.396,2.15163,night_club,"Sarrià, les Tres Torres i Vallvidrera


","41.396,2.15163"
2410,160,5639,"Carrer de Tuset, 13, 08006 Barcelona, Spain",41.396,2.15163,night_club,"Sarrià, les Tres Torres i Vallvidrera


","41.396,2.15163"
2411,160,5639,"Carrer de Tuset, 13, 08006 Barcelona, Spain",41.396,2.15163,night_club,"Sarrià, les Tres Torres i Vallvidrera


","41.396,2.15163"
2580,59,5639,"Carrer de Tuset, 13, 08006 Barcelona, Spain",41.396,2.15163,night_club,"Sarrià, les Tres Torres i Vallvidrera


","41.396,2.15163"
5046,490,17247,La Terrrazza,41.3688,2.14937,night_club,"el Poble Sec i Montjuïc

","41.3688,2.14937"
920,30,3336,"Pl. Reial, 17, 08002 Barcelona, Spain",41.3797,2.17522,night_club,"el Barri Gòtic
","41.3797,2.17522"
2664,160,8970,Opium Barcelona Restaurant and Club,41.3853,2.19678,night_club,la Barceloneta,"41.3853,2.19678"
2654,160,8951,Shôko,41.3855,2.19698,night_club,la Barceloneta,"41.3855,2.19698"
2655,160,8951,Shôko,41.3855,2.19698,night_club,la Barceloneta,"41.3855,2.19698"
2662,160,8951,Shôko,41.3855,2.19698,night_club,la Barceloneta,"41.3855,2.19698"
1665,59,5633,"Carrer de Ramon Trias Fargas, 2, 08005 Barcelona, Spain",41.3857,2.19706,night_club,la Barceloneta,"41.3857,2.19706"
1341,117,4773,"Milano Jazz Club, Ronda de la Universitat, Barcelona, Spain",41.3872,2.16768,night_club,"la Dreta de l'Eixample
","41.3872,2.16768"
7758,1211,25857,Sky Bar Hotel Iberostar,41.3878,2.16927,night_club,"la Dreta de l'Eixample
","41.3878,2.16927"
2857,33,9700,Sala Bikini Barcelona,41.3899,2.13678,night_club,"les Corts
","41.3899,2.13678"
6379,59,21715,La Biblio Barcelona,41.3955,2.15223,night_club,"Sarrià, les Tres Torres i Vallvidrera


","41.3955,2.15223"
748,59,2818,"Carrer de Tuset, 8, 08006 Barcelona, Spain",41.3955,2.15271,night_club,"Sarrià, les Tres Torres i Vallvidrera


","41.3955,2.15271"
1809,59,6090,"WOLF Barcelona, Carrer dels Almogàvers, Barcelona, Spain",41.3959,2.18859,night_club,"el Parc, la Llacuna i la Vila Olímpica

","41.3959,2.18859"
2262,160,7641,"Gatsby Barcelona, Carrer de Tuset, Barcelona, Spain",41.3962,2.15141,night_club,"Sarrià, les Tres Torres i Vallvidrera


","41.3962,2.15141"
2266,160,7641,"Gatsby Barcelona, Carrer de Tuset, Barcelona, Spain",41.3962,2.15141,night_club,"Sarrià, les Tres Torres i Vallvidrera


","41.3962,2.15141"
2267,160,7641,"Gatsby Barcelona, Carrer de Tuset, Barcelona, Spain",41.3962,2.15141,night_club,"Sarrià, les Tres Torres i Vallvidrera


","41.3962,2.15141"
2268,160,7641,"Gatsby Barcelona, Carrer de Tuset, Barcelona, Spain",41.3962,2.15141,night_club,"Sarrià, les Tres Torres i Vallvidrera


","41.3962,2.15141"
2652,160,7641,"Gatsby Barcelona, Carrer de Tuset, Barcelona, Spain",41.3962,2.15141,night_club,"Sarrià, les Tres Torres i Vallvidrera


","41.3962,2.15141"
2660,160,7641,"Gatsby Barcelona, Carrer de Tuset, Barcelona, Spain",41.3962,2.15141,night_club,"Sarrià, les Tres Torres i Vallvidrera


","41.3962,2.15141"
2661,160,7641,"Gatsby Barcelona, Carrer de Tuset, Barcelona, Spain",41.3962,2.15141,night_club,"Sarrià, les Tres Torres i Vallvidrera


","41.3962,2.15141"
2667,160,7641,"Gatsby Barcelona, Carrer de Tuset, Barcelona, Spain",41.3962,2.15141,night_club,"Sarrià, les Tres Torres i Vallvidrera


","41.3962,2.15141"
2668,160,7641,"Gatsby Barcelona, Carrer de Tuset, Barcelona, Spain",41.3962,2.15141,night_club,"Sarrià, les Tres Torres i Vallvidrera


","41.3962,2.15141"
2669,160,7641,"Gatsby Barcelona, Carrer de Tuset, Barcelona, Spain",41.3962,2.15141,night_club,"Sarrià, les Tres Torres i Vallvidrera


","41.3962,2.15141"
2693,160,7641,"Gatsby Barcelona, Carrer de Tuset, Barcelona, Spain",41.3962,2.15141,night_club,"Sarrià, les Tres Torres i Vallvidrera


","41.3962,2.15141"
1663,59,5621,"C/ dels Almogàvers, 122, 08018 Barcelona, Spain",41.3977,2.19111,night_club,"el Parc, la Llacuna i la Vila Olímpica

","41.3977,2.19111"
3812,54,13064,Vegan Junk Food Bar,41.3833,2.1804,restaurant,"Sant Pere, Santa Caterina i la Ribera
","41.3833,2.1804"
3813,54,13064,Vegan Junk Food Bar,41.3833,2.1804,restaurant,"Sant Pere, Santa Caterina i la Ribera
","41.3833,2.1804"
3814,54,13064,Vegan Junk Food Bar,41.3833,2.1804,restaurant,"Sant Pere, Santa Caterina i la Ribera
","41.3833,2.1804"
2858,33,9701,Majide,41.385,2.16756,restaurant,"el Raval
","41.385,2.16756"
2627,118,8880,"Disfrutar, Carrer de Villarroel, Barcelona, Spain",41.3878,2.1532,restaurant,"l'Antiga Esquerra de l'Eixample
","41.3878,2.1532"
1112,54,3792,"Oassis Natural Cooking, Passeig de Gràcia, Barcelona, Spain",41.3902,2.1679,restaurant,"la Dreta de l'Eixample
","41.3902,2.1679"
4449,155,15293,Restaurant Negro Rojo,41.3909,2.1352,restaurant,"les Corts
","41.3909,2.1352"
6783,59,15293,Restaurant Negro Rojo,41.3909,2.1352,restaurant,"les Corts
","41.3909,2.1352"
1723,138,5859,"Carrer de Còrsega, 200, 08036 Barcelona, Spain",41.391,2.15233,restaurant,"l'Antiga Esquerra de l'Eixample
","41.391,2.15233"
1724,138,5859,"Carrer de Còrsega, 200, 08036 Barcelona, Spain",41.391,2.15233,restaurant,"l'Antiga Esquerra de l'Eixample
","41.391,2.15233"
1725,138,5859,"Carrer de Còrsega, 200, 08036 Barcelona, Spain",41.391,2.15233,restaurant,"l'Antiga Esquerra de l'Eixample
","41.391,2.15233"
1726,138,5859,"Carrer de Còrsega, 200, 08036 Barcelona, Spain",41.391,2.15233,restaurant,"l'Antiga Esquerra de l'Eixample
","41.391,2.15233"
1727,138,5859,"Carrer de Còrsega, 200, 08036 Barcelona, Spain",41.391,2.15233,restaurant,"l'Antiga Esquerra de l'Eixample
","41.391,2.15233"
1728,138,5859,"Carrer de Còrsega, 200, 08036 Barcelona, Spain",41.391,2.15233,restaurant,"l'Antiga Esquerra de l'Eixample
","41.391,2.15233"
1729,138,5859,"Carrer de Còrsega, 200, 08036 Barcelona, Spain",41.391,2.15233,restaurant,"l'Antiga Esquerra de l'Eixample
","41.391,2.15233"
1732,138,5859,"Carrer de Còrsega, 200, 08036 Barcelona, Spain",41.391,2.15233,restaurant,"l'Antiga Esquerra de l'Eixample
","41.391,2.15233"
1733,138,5859,"Carrer de Còrsega, 200, 08036 Barcelona, Spain",41.391,2.15233,restaurant,"l'Antiga Esquerra de l'Eixample
","41.391,2.15233"
1737,138,5859,"Carrer de Còrsega, 200, 08036 Barcelona, Spain",41.391,2.15233,restaurant,"l'Antiga Esquerra de l'Eixample
","41.391,2.15233"
1738,138,5859,"Carrer de Còrsega, 200, 08036 Barcelona, Spain",41.391,2.15233,restaurant,"l'Antiga Esquerra de l'Eixample
","41.391,2.15233"
1739,138,5859,"Carrer de Còrsega, 200, 08036 Barcelona, Spain",41.391,2.15233,restaurant,"l'Antiga Esquerra de l'Eixample
","41.391,2.15233"
1774,138,5859,"Carrer de Còrsega, 200, 08036 Barcelona, Spain",41.391,2.15233,restaurant,"l'Antiga Esquerra de l'Eixample
","41.391,2.15233"
2412,160,8259,"Restaurant Salvaje, Carrer d'Enric Granados, Barcelona, Spain",41.393,2.15592,restaurant,"l'Antiga Esquerra de l'Eixample
","41.393,2.15592"
2413,160,8260,"Restaurant Salvaje, Carrer d'Enric Granados, Barcelona, Spain",41.393,2.15592,restaurant,"l'Antiga Esquerra de l'Eixample
","41.393,2.15592"
4605,61,15770,Hotpot de Sichuan,41.3941,2.1752,restaurant,"la Dreta de l'Eixample
","41.3941,2.1752"
6975,279,23745,Kook,41.398,2.17102,restaurant,"la Dreta de l'Eixample
","41.398,2.17102"
3638,54,12437,LA BURRATA,41.4009,2.1477,restaurant,"Sarrià, les Tres Torres i Vallvidrera


","41.4009,2.1477"
3639,54,12437,LA BURRATA,41.4009,2.1477,restaurant,"Sarrià, les Tres Torres i Vallvidrera


","41.4009,2.1477"
3640,54,12437,LA BURRATA,41.4009,2.1477,restaurant,"Sarrià, les Tres Torres i Vallvidrera


","41.4009,2.1477"
3641,54,12437,LA BURRATA,41.4009,2.1477,restaurant,"Sarrià, les Tres Torres i Vallvidrera


","41.4009,2.1477"
3642,54,12437,LA BURRATA,41.4009,2.1477,restaurant,"Sarrià, les Tres Torres i Vallvidrera


","41.4009,2.1477"
4983,349,17047,Peix Vela,41.3691,2.19046,restaurant,la Barceloneta,"41.3691,2.19046"
5761,85,19522,Terraza Martínez,41.3696,2.17246,restaurant,"el Poble Sec i Montjuïc

","41.3696,2.17246"
1997,173,6754,"Rambla del Raval, 2, 08001 Barcelona, Spain",41.3794,2.16798,restaurant,"el Raval
","41.3794,2.16798"
2003,173,6754,"Rambla del Raval, 2, 08001 Barcelona, Spain",41.3794,2.16798,restaurant,"el Raval
","41.3794,2.16798"
2009,173,6754,"Rambla del Raval, 2, 08001 Barcelona, Spain",41.3794,2.16798,restaurant,"el Raval
","41.3794,2.16798"
2019,173,6754,"Rambla del Raval, 2, 08001 Barcelona, Spain",41.3794,2.16798,restaurant,"el Raval
","41.3794,2.16798"
3504,81,6754,"Rambla del Raval, 2, 08001 Barcelona, Spain",41.3794,2.16798,restaurant,"el Raval
","41.3794,2.16798"
3505,81,6754,"Rambla del Raval, 2, 08001 Barcelona, Spain",41.3794,2.16798,restaurant,"el Raval
","41.3794,2.16798"
3506,81,6754,"Rambla del Raval, 2, 08001 Barcelona, Spain",41.3794,2.16798,restaurant,"el Raval
","41.3794,2.16798"
3508,81,6754,"Rambla del Raval, 2, 08001 Barcelona, Spain",41.3794,2.16798,restaurant,"el Raval
","41.3794,2.16798"
4528,81,6754,"Rambla del Raval, 2, 08001 Barcelona, Spain",41.3794,2.16798,restaurant,"el Raval
","41.3794,2.16798"
6955,282,23686,Grasshopper Ramen Bar,41.3851,2.17927,restaurant,"Sant Pere, Santa Caterina i la Ribera
","41.3851,2.17927"
7653,1428,25603,La Plassohla restaurant,41.3869,2.17426,restaurant,"el Barri Gòtic
","41.3869,2.17426"
7656,1428,25603,La Plassohla restaurant,41.3869,2.17426,restaurant,"el Barri Gòtic
","41.3869,2.17426"
7657,1428,25603,La Plassohla restaurant,41.3869,2.17426,restaurant,"el Barri Gòtic
","41.3869,2.17426"
7475,255,25070,Billy Brunch & Garden,41.3871,2.15924,restaurant,"l'Antiga Esquerra de l'Eixample
","41.3871,2.15924"
1425,54,4955,"Carrer d'Aribau, 39, 08011 Barcelona, Spain",41.3877,2.16009,restaurant,"l'Antiga Esquerra de l'Eixample
","41.3877,2.16009"
1426,54,4955,"Carrer d'Aribau, 39, 08011 Barcelona, Spain",41.3877,2.16009,restaurant,"l'Antiga Esquerra de l'Eixample
","41.3877,2.16009"
1427,54,4955,"Carrer d'Aribau, 39, 08011 Barcelona, Spain",41.3877,2.16009,restaurant,"l'Antiga Esquerra de l'Eixample
","41.3877,2.16009"
1428,54,4955,"Carrer d'Aribau, 39, 08011 Barcelona, Spain",41.3877,2.16009,restaurant,"l'Antiga Esquerra de l'Eixample
","41.3877,2.16009"
1429,115,4955,"Carrer d'Aribau, 39, 08011 Barcelona, Spain",41.3877,2.16009,restaurant,"l'Antiga Esquerra de l'Eixample
","41.3877,2.16009"
1430,115,4955,"Carrer d'Aribau, 39, 08011 Barcelona, Spain",41.3877,2.16009,restaurant,"l'Antiga Esquerra de l'Eixample
","41.3877,2.16009"
7805,1978,26030,Restaurant Belbo Dos Besos,41.3881,2.16717,restaurant,"la Dreta de l'Eixample
","41.3881,2.16717"
1189,108,3996,"C. del Consell de Cent, 303, 08007 Barcelona, Spain",41.3888,2.16246,restaurant,"l'Antiga Esquerra de l'Eixample
","41.3888,2.16246"
2584,138,8730,"Carrer del Dr. Ferran, 23, 08034 Barcelona, Spain",41.3895,2.12437,restaurant,Pedralbes,"41.3895,2.12437"
2585,138,8730,"Carrer del Dr. Ferran, 23, 08034 Barcelona, Spain",41.3895,2.12437,restaurant,Pedralbes,"41.3895,2.12437"
2586,138,8730,"Carrer del Dr. Ferran, 23, 08034 Barcelona, Spain",41.3895,2.12437,restaurant,Pedralbes,"41.3895,2.12437"
2587,138,8730,"Carrer del Dr. Ferran, 23, 08034 Barcelona, Spain",41.3895,2.12437,restaurant,Pedralbes,"41.3895,2.12437"
2588,138,8730,"Carrer del Dr. Ferran, 23, 08034 Barcelona, Spain",41.3895,2.12437,restaurant,Pedralbes,"41.3895,2.12437"
2589,138,8730,"Carrer del Dr. Ferran, 23, 08034 Barcelona, Spain",41.3895,2.12437,restaurant,Pedralbes,"41.3895,2.12437"
2590,138,8730,"Carrer del Dr. Ferran, 23, 08034 Barcelona, Spain",41.3895,2.12437,restaurant,Pedralbes,"41.3895,2.12437"
2591,138,8730,"Carrer del Dr. Ferran, 23, 08034 Barcelona, Spain",41.3895,2.12437,restaurant,Pedralbes,"41.3895,2.12437"
2592,138,8730,"Carrer del Dr. Ferran, 23, 08034 Barcelona, Spain",41.3895,2.12437,restaurant,Pedralbes,"41.3895,2.12437"
2593,138,8730,"Carrer del Dr. Ferran, 23, 08034 Barcelona, Spain",41.3895,2.12437,restaurant,Pedralbes,"41.3895,2.12437"
2594,138,8730,"Carrer del Dr. Ferran, 23, 08034 Barcelona, Spain",41.3895,2.12437,restaurant,Pedralbes,"41.3895,2.12437"
3921,255,13492,AH-UN Japanese Yakiniku & Sushi Restaurant,41.3895,2.16222,restaurant,"l'Antiga Esquerra de l'Eixample
","41.3895,2.16222"
1821,60,6119,"65 Degrees Barcelona, Carrer del Davant del Portal Nou, Barcelona, Spain",41.3898,2.18058,restaurant,"Sant Pere, Santa Caterina i la Ribera
","41.3898,2.18058"
1104,54,3242,"El Nacional, Passeig de Gràcia, Barcelona, Spain",41.3906,2.16839,restaurant,"la Dreta de l'Eixample
","41.3906,2.16839"
1107,54,3242,"El Nacional, Passeig de Gràcia, Barcelona, Spain",41.3906,2.16839,restaurant,"la Dreta de l'Eixample
","41.3906,2.16839"
7595,314,25439,China Crown,41.3909,2.17308,restaurant,"la Dreta de l'Eixample
","41.3909,2.17308"
4270,59,14725,Casa Carmen Illa,41.3911,2.13589,restaurant,"les Corts
","41.3911,2.13589"
6076,61,20700,El Mexicà de Barcelona,41.3911,2.14882,restaurant,"l'Antiga Esquerra de l'Eixample
","41.3911,2.14882"
6077,61,20700,El Mexicà de Barcelona,41.3911,2.14882,restaurant,"l'Antiga Esquerra de l'Eixample
","41.3911,2.14882"
1101,54,3782,"Pg. de Gràcia, 41, 08007 Barcelona, Spain",41.3914,2.16486,restaurant,"la Dreta de l'Eixample
","41.3914,2.16486"
1103,54,3782,"Pg. de Gràcia, 41, 08007 Barcelona, Spain",41.3914,2.16486,restaurant,"la Dreta de l'Eixample
","41.3914,2.16486"
7260,1776,3782,"Pg. de Gràcia, 41, 08007 Barcelona, Spain",41.3914,2.16486,restaurant,"la Dreta de l'Eixample
","41.3914,2.16486"
1664,59,5626,"Carrer del Dr. Fleming, 11, 08017 Barcelona, Spain",41.3927,2.13522,restaurant,Sarrià i les Tres Torres,"41.3927,2.13522"
5225,312,5626,"Carrer del Dr. Fleming, 11, 08017 Barcelona, Spain",41.3927,2.13522,restaurant,Sarrià i les Tres Torres,"41.3927,2.13522"
5570,85,18872,Xiringuito Escribà,41.3935,2.20536,restaurant,"el Poblenou i Diagonal Mar

","41.3935,2.20536"
5448,31,18470,Ceviche 103,41.3936,2.15064,restaurant,"l'Antiga Esquerra de l'Eixample
","41.3936,2.15064"
5449,31,18470,Ceviche 103,41.3936,2.15064,restaurant,"l'Antiga Esquerra de l'Eixample
","41.3936,2.15064"
5450,31,18470,Ceviche 103,41.3936,2.15064,restaurant,"l'Antiga Esquerra de l'Eixample
","41.3936,2.15064"
5451,31,18470,Ceviche 103,41.3936,2.15064,restaurant,"l'Antiga Esquerra de l'Eixample
","41.3936,2.15064"
1152,54,3817,"Spicy Soul Hot Pot, Carrer de Girona, Barcelona, Spain",41.3936,2.17255,restaurant,"la Dreta de l'Eixample
","41.3936,2.17255"
1153,54,3816,"Spicy Soul Hot Pot, Carrer de Girona, Barcelona, Spain",41.3936,2.17255,restaurant,"la Dreta de l'Eixample
","41.3936,2.17255"
1154,54,3816,"Spicy Soul Hot Pot, Carrer de Girona, Barcelona, Spain",41.3936,2.17255,restaurant,"la Dreta de l'Eixample
","41.3936,2.17255"
4735,54,3816,"Spicy Soul Hot Pot, Carrer de Girona, Barcelona, Spain",41.3936,2.17255,restaurant,"la Dreta de l'Eixample
","41.3936,2.17255"
4736,54,3816,"Spicy Soul Hot Pot, Carrer de Girona, Barcelona, Spain",41.3936,2.17255,restaurant,"la Dreta de l'Eixample
","41.3936,2.17255"
4738,54,3816,"Spicy Soul Hot Pot, Carrer de Girona, Barcelona, Spain",41.3936,2.17255,restaurant,"la Dreta de l'Eixample
","41.3936,2.17255"
4739,54,3816,"Spicy Soul Hot Pot, Carrer de Girona, Barcelona, Spain",41.3936,2.17255,restaurant,"la Dreta de l'Eixample
","41.3936,2.17255"
4740,54,3816,"Spicy Soul Hot Pot, Carrer de Girona, Barcelona, Spain",41.3936,2.17255,restaurant,"la Dreta de l'Eixample
","41.3936,2.17255"
5745,85,12065,Fucsia,41.3956,2.14352,restaurant,"Sarrià, les Tres Torres i Vallvidrera


","41.3956,2.14352"
5753,85,12065,Fucsia,41.3956,2.14352,restaurant,"Sarrià, les Tres Torres i Vallvidrera


","41.3956,2.14352"
5754,85,12065,Fucsia,41.3956,2.14352,restaurant,"Sarrià, les Tres Torres i Vallvidrera


","41.3956,2.14352"
4426,31,15252,Fan Dim Sum,41.3956,2.14375,restaurant,"Sarrià, les Tres Torres i Vallvidrera


","41.3956,2.14375"
4427,31,15253,Fan Dim Sum,41.3956,2.14375,restaurant,"Sarrià, les Tres Torres i Vallvidrera


","41.3956,2.14375"
5614,85,15252,Fan Dim Sum,41.3956,2.14375,restaurant,"Sarrià, les Tres Torres i Vallvidrera


","41.3956,2.14375"
5615,85,15252,Fan Dim Sum,41.3956,2.14375,restaurant,"Sarrià, les Tres Torres i Vallvidrera


","41.3956,2.14375"
2014,59,6804,"Fishpac, Carrer de Laforja, Barcelona, Spain",41.3958,2.14428,restaurant,"Sarrià, les Tres Torres i Vallvidrera


","41.3958,2.14428"
2015,59,6805,"Fishpac, Carrer de Laforja, Barcelona, Spain",41.3958,2.14428,restaurant,"Sarrià, les Tres Torres i Vallvidrera


","41.3958,2.14428"